{
  "libero_10_no_noops_lerobot_eef": {
    "mean": [
      0.018956921994686127,
      0.06133081391453743,
      -0.04707599803805351,
      0.0034708266612142324,
      0.0030671318527311087,
      -0.010063044726848602,
      0.5396330952644348
    ],
    "std": [
      0.2603408992290497,
      0.3475152850151062,
      0.36345556378364563,
      0.030475307255983353,
      0.04705803841352463,
      0.07270459085702896,
      0.49846765398979187
    ],
    "q99": [
      0.7714285850524902,
      0.8464285731315613,
      0.9375,
      0.1403571367263794,
      0.15857142210006714,
      0.335357129573822,
      1.0
    ],
    "q01": [
      -0.6160714030265808,
      -0.774669885635376,
      -0.7607142925262451,
      -0.09749999642372131,
      -0.14678572118282318,
      -0.2742857038974762,
      0.0
    ]
  },
  "libero_10_no_noops_lerobot_delta_eef": {
    "mean": [
      -0.0011474938364699483,
      0.00011147473560413346,
      -0.001405755989253521,
      4.603159686666913e-05,
      -1.798726589186117e-05,
      0.00012624089140444994,
      0.0
    ],
    "std": [
      0.03253742679953575,
      0.03184913843870163,
      0.039637766778469086,
      0.00505194254219532,
      0.007949364371597767,
      0.005920048337429762,
      0.0
    ],
    "q99": [
      0.1205357164144516,
      0.11785712838172913,
      0.1607142835855484,
      0.020357144996523857,
      0.03107142448425293,
      0.024642858654260635,
      0.0
    ],
    "q01": [
      -0.11785714328289032,
      -0.11785713583230972,
      -0.1205357015132904,
      -0.02142857015132904,
      -0.03107142448425293,
      -0.025714285671710968,
      0.0
    ]
  },
  "libero_10_no_noops_lerobot_state_eef": {
    "mean": [
      -0.03967396169900894,
      0.03641616180539131,
      0.8150734901428223,
      2.939763069152832,
      -0.5368179678916931,
      -0.16547544300556183,
      0.029585272073745728,
      -0.029912469908595085
    ],
    "std": [
      0.09794002026319504,
      0.13837793469429016,
      0.2523566484451294,
      0.30143067240715027,
      1.15176260471344,
      0.316690593957901,
      0.012487084604799747,
      0.012414711527526379
    ],
    "q99": [
      0.15243303775787354,
      0.32591164112091064,
      1.253624439239502,
      3.296849489212036,
      2.7515461444854736,
      0.68769770860672,
      0.04004022106528282,
      -0.0018127536168321967
    ],
    "q01": [
      -0.386520653963089,
      -0.28359368443489075,
      0.44804444909095764,
      1.8793638944625854,
      -2.9284610748291016,
      -1.1567491292953491,
      0.0020691596437245607,
      -0.040017269551754
    ]
  },
  "libero_goal_no_noops_lerobot_eef": {
    "mean": [
      0.054815568029880524,
      0.04692660644650459,
      -0.14960162341594696,
      -0.004621649160981178,
      0.02549704536795616,
      0.02743070386350155,
      0.6357884407043457
    ],
    "std": [
      0.3962133526802063,
      0.33392953872680664,
      0.49598777294158936,
      0.04569463059306145,
      0.06946268677711487,
      0.09723623842000961,
      0.48126766085624695
    ],
    "q99": [
      0.9375,
      0.9160714149475098,
      0.9375,
      0.20250000059604645,
      0.260357141494751,
      0.375,
      1.0
    ],
    "q01": [
      -0.8973214030265808,
      -0.7526785731315613,
      -0.9375,
      -0.15000000596046448,
      -0.1586357057094574,
      -0.13821429014205933,
      0.0
    ]
  },
  "libero_goal_no_noops_lerobot_delta_eef": {
    "mean": [
      -0.002233293605968356,
      -0.00011150508362334222,
      0.00026499846717342734,
      0.00010222806304227561,
      1.4143698535917792e-05,
      0.0001259227719856426,
      0.0
    ],
    "std": [
      0.05127139016985893,
      0.03768185153603554,
      0.057205405086278915,
      0.006612138357013464,
      0.01110364031046629,
      0.006970348302274942,
      0.0
    ],
    "q99": [
      0.18482139706611633,
      0.14196431636810303,
      0.2142856866121292,
      0.024642862379550934,
      0.04071427881717682,
      0.03321428224444389,
      0.0
    ],
    "q01": [
      -0.17946428060531616,
      -0.13928569853305817,
      -0.18214285373687744,
      -0.025714285671710968,
      -0.041132159531116486,
      -0.029999999329447746,
      0.0
    ]
  },
  "libero_goal_no_noops_lerobot_state_eef": {
    "mean": [
      -0.10184208303689957,
      0.015483666211366653,
      1.0699775218963623,
      2.8652265071868896,
      0.27133506536483765,
      -0.27220308780670166,
      0.02857397124171257,
      -0.027894096449017525
    ],
    "std": [
      0.11026034504175186,
      0.10437998920679092,
      0.09999647736549377,
      0.5124605894088745,
      0.6645068526268005,
      0.3311854898929596,
      0.014895527623593807,
      0.014753074385225773
    ],
    "q99": [
      0.09046799689531326,
      0.27100080251693726,
      1.2918585538864136,
      3.24371075630188,
      2.350663185119629,
      0.41276815533638,
      0.040591418743133545,
      -0.0009028877248056233
    ],
    "q01": [
      -0.4240446388721466,
      -0.2744319438934326,
      0.9113215208053589,
      1.3288772106170654,
      -0.6682841777801514,
      -1.1235367059707642,
      0.0015857175458222628,
      -0.04031587019562721
    ]
  },
  "libero_object_no_noops_lerobot_eef": {
    "mean": [
      0.07235775887966156,
      0.15002532303333282,
      -0.03276010975241661,
      0.0007198352832347155,
      0.007507845759391785,
      -0.014659185893833637,
      0.45408162474632263
    ],
    "std": [
      0.24966871738433838,
      0.432100772857666,
      0.44788649678230286,
      0.020308522507548332,
      0.04448190703988075,
      0.03623761609196663,
      0.4977845549583435
    ],
    "q99": [
      0.8464285731315613,
      0.84375,
      0.9375,
      0.08142857253551483,
      0.1488448679447174,
      0.08571428805589676,
      1.0
    ],
    "q01": [
      -0.5410714149475098,
      -0.8758928775787354,
      -0.9375,
      -0.06964285671710968,
      -0.11678571254014969,
      -0.1607142835855484,
      0.0
    ]
  },
  "libero_object_no_noops_lerobot_delta_eef": {
    "mean": [
      -0.0019752788357436657,
      0.000698399031534791,
      -0.0016693752259016037,
      7.78184985392727e-05,
      -0.0001688023330643773,
      6.994330033194274e-05,
      0.0
    ],
    "std": [
      0.035615772008895874,
      0.03668472170829773,
      0.051340892910957336,
      0.0048423339612782,
      0.008120659738779068,
      0.004926880355924368,
      0.0
    ],
    "q99": [
      0.132568359375,
      0.120535708963871,
      0.20625001192092896,
      0.019285714253783226,
      0.030000006780028343,
      0.018214287236332893,
      0.0
    ],
    "q01": [
      -0.1205357164144516,
      -0.13125000894069672,
      -0.13660717010498047,
      -0.019285716116428375,
      -0.029999995604157448,
      -0.020357143133878708,
      0.0
    ]
  },
  "libero_object_no_noops_lerobot_state_eef": {
    "mean": [
      -0.03076506033539772,
      -0.00932865310460329,
      0.20754683017730713,
      3.111752510070801,
      -0.1991710662841797,
      -0.1169280931353569,
      0.029828304424881935,
      -0.030926253646612167
    ],
    "std": [
      0.06561094522476196,
      0.17215940356254578,
      0.0730702206492424,
      0.07301823794841766,
      0.30219635367393494,
      0.18742775917053223,
      0.009164489805698395,
      0.008695333264768124
    ],
    "q99": [
      0.09154554456472397,
      0.29118624329566956,
      0.33618810772895813,
      3.260209321975708,
      0.3196120858192444,
      0.39586591720581055,
      0.03989199548959732,
      -0.010282167233526707
    ],
    "q01": [
      -0.1492568552494049,
      -0.25921308994293213,
      0.009932419285178185,
      2.7467153072357178,
      -1.4016894102096558,
      -0.6867974996566772,
      0.008699758909642696,
      -0.040152255445718765
    ]
  },